Number of participants,Share
2,65.6302043855
3,18.7356518573
4,08.0588677974
5,03.77581986476
6,01.89307186772
7,01.0755843175
8,0.0830799909802
