Number of participants,Share
2 0.656302043855
3 0.187356518573
4 0.080588677974
5 0.0377581986476
6 0.0189307186772
7 0.010755843175
8 0.00830799909802
